"OBJECTID","ID_0","ISO","NAME_0","ID_1","NAME_1","ID_2","NAME_2","ID_3","NAME_3","CCN_3","CCA_3","TYPE_3","ENGTYPE_3","NL_NAME_3","VARNAME_3"
1,138,"MLI","Mali",1,"Bamako",1,"Bamako",1,"Kalban-Coro",NA,"","Arrondissement","Arrondissement","",""
2,138,"MLI","Mali",2,"Gao",2,"Ansongo",2,"Ansongo",NA,"","Arrondissement","Arrondissement","",""
3,138,"MLI","Mali",2,"Gao",2,"Ansongo",3,"Ouatagouna",NA,"","Arrondissement","Arrondissement","",""
4,138,"MLI","Mali",2,"Gao",2,"Ansongo",4,"Talataye",NA,"","Arrondissement","Arrondissement","",""
5,138,"MLI","Mali",2,"Gao",2,"Ansongo",5,"Tessit",NA,"","Arrondissement","Arrondissement","",""
6,138,"MLI","Mali",2,"Gao",3,"Bourem",6,"Almoustarat",NA,"","Arrondissement","Arrondissement","",""
7,138,"MLI","Mali",2,"Gao",3,"Bourem",7,"Bamba",NA,"","Arrondissement","Arrondissement","",""
8,138,"MLI","Mali",2,"Gao",3,"Bourem",8,"Bourem",NA,"","Arrondissement","Arrondissement","",""
9,138,"MLI","Mali",2,"Gao",3,"Bourem",9,"Temera",NA,"","Arrondissement","Arrondissement","",""
10,138,"MLI","Mali",2,"Gao",4,"Gao",10,"Djebock",NA,"","Arrondissement","Arrondissement","",""
11,138,"MLI","Mali",2,"Gao",4,"Gao",11,"Gao-Central",NA,"","Arrondissement","Arrondissement","",""
12,138,"MLI","Mali",2,"Gao",4,"Gao",12,"Gao",NA,"","Arrondissement","Arrondissement","",""
13,138,"MLI","Mali",2,"Gao",4,"Gao",13,"Haoussa-Foulane",NA,"","Arrondissement","Arrondissement","",""
14,138,"MLI","Mali",2,"Gao",4,"Gao",14,"In-Tillit",NA,"","Arrondissement","Arrondissement","",""
15,138,"MLI","Mali",2,"Gao",5,"Ménaka",15,"Anderamboukane",NA,"","Arrondissement","Arrondissement","",""
16,138,"MLI","Mali",2,"Gao",5,"Ménaka",16,"Inekar",NA,"","Arrondissement","Arrondissement","",""
17,138,"MLI","Mali",2,"Gao",5,"Ménaka",17,"Menaka",NA,"","Arrondissement","Arrondissement","",""
18,138,"MLI","Mali",2,"Gao",5,"Ménaka",18,"Tidermene",NA,"","Arrondissement","Arrondissement","",""
19,138,"MLI","Mali",3,"Kayes",6,"Bafoulabé",19,"Bafoulabe",NA,"","Arrondissement","Arrondissement","",""
20,138,"MLI","Mali",3,"Kayes",6,"Bafoulabé",20,"Bamafele",NA,"","Arrondissement","Arrondissement","",""
21,138,"MLI","Mali",3,"Kayes",6,"Bafoulabé",21,"Diakon",NA,"","Arrondissement","Arrondissement","",""
22,138,"MLI","Mali",3,"Kayes",6,"Bafoulabé",22,"Diallan",NA,"","Arrondissement","Arrondissement","",""
23,138,"MLI","Mali",3,"Kayes",6,"Bafoulabé",23,"Kontela",NA,"","Arrondissement","Arrondissement","",""
24,138,"MLI","Mali",3,"Kayes",6,"Bafoulabé",24,"Koundian",NA,"","Arrondissement","Arrondissement","",""
25,138,"MLI","Mali",3,"Kayes",6,"Bafoulabé",25,"Mahina",NA,"","Arrondissement","Arrondissement","",""
26,138,"MLI","Mali",3,"Kayes",6,"Bafoulabé",26,"Oualia",NA,"","Arrondissement","Arrondissement","",""
27,138,"MLI","Mali",3,"Kayes",6,"Bafoulabé",27,"Oussoubidiagna",NA,"","Arrondissement","Arrondissement","",""
28,138,"MLI","Mali",3,"Kayes",7,"Diéma",28,"Bema",NA,"","Arrondissement","Arrondissement","",""
29,138,"MLI","Mali",3,"Kayes",7,"Diéma",29,"Diéma",NA,"","Arrondissement","Arrondissement","",""
30,138,"MLI","Mali",3,"Kayes",7,"Diéma",30,"Diangounte-Camara",NA,"","Arrondissement","Arrondissement","",""
31,138,"MLI","Mali",3,"Kayes",7,"Diéma",31,"Dioumara",NA,"","Arrondissement","Arrondissement","",""
32,138,"MLI","Mali",3,"Kayes",7,"Diéma",32,"Lakamane",NA,"","Arrondissement","Arrondissement","",""
33,138,"MLI","Mali",3,"Kayes",8,"Kéniéba",33,"Dialafara",NA,"","Arrondissement","Arrondissement","",""
34,138,"MLI","Mali",3,"Kayes",8,"Kéniéba",34,"Dombia",NA,"","Arrondissement","Arrondissement","",""
35,138,"MLI","Mali",3,"Kayes",8,"Kéniéba",35,"Falea",NA,"","Arrondissement","Arrondissement","",""
36,138,"MLI","Mali",3,"Kayes",8,"Kéniéba",36,"Faraba",NA,"","Arrondissement","Arrondissement","",""
37,138,"MLI","Mali",3,"Kayes",8,"Kéniéba",37,"Kéniéba",NA,"","Arrondissement","Arrondissement","",""
38,138,"MLI","Mali",3,"Kayes",8,"Kéniéba",38,"Kassama",NA,"","Arrondissement","Arrondissement","",""
39,138,"MLI","Mali",3,"Kayes",9,"Kayes",39,"Ambidedi",NA,"","Arrondissement","Arrondissement","",""
40,138,"MLI","Mali",3,"Kayes",9,"Kayes",40,"Aourou",NA,"","Arrondissement","Arrondissement","",""
41,138,"MLI","Mali",3,"Kayes",9,"Kayes",41,"Diadioumbera",NA,"","Arrondissement","Arrondissement","",""
42,138,"MLI","Mali",3,"Kayes",9,"Kayes",42,"Diamou",NA,"","Arrondissement","Arrondissement","",""
43,138,"MLI","Mali",3,"Kayes",9,"Kayes",43,"Kayes",NA,"","Arrondissement","Arrondissement","",""
44,138,"MLI","Mali",3,"Kayes",9,"Kayes",44,"Koussane",NA,"","Arrondissement","Arrondissement","",""
45,138,"MLI","Mali",3,"Kayes",9,"Kayes",45,"Lontou",NA,"","Arrondissement","Arrondissement","",""
46,138,"MLI","Mali",3,"Kayes",9,"Kayes",46,"Sadiola",NA,"","Arrondissement","Arrondissement","",""
47,138,"MLI","Mali",3,"Kayes",9,"Kayes",47,"Same",NA,"","Arrondissement","Arrondissement","",""
48,138,"MLI","Mali",3,"Kayes",9,"Kayes",48,"Segala",NA,"","Arrondissement","Arrondissement","",""
49,138,"MLI","Mali",3,"Kayes",10,"Kita",49,"Djidian",NA,"","Arrondissement","Arrondissement","",""
50,138,"MLI","Mali",3,"Kayes",10,"Kita",50,"Kita",NA,"","Arrondissement","Arrondissement","",""
51,138,"MLI","Mali",3,"Kayes",10,"Kita",51,"Kokofata",NA,"","Arrondissement","Arrondissement","",""
52,138,"MLI","Mali",3,"Kayes",10,"Kita",52,"Sagabari",NA,"","Arrondissement","Arrondissement","",""
53,138,"MLI","Mali",3,"Kayes",10,"Kita",53,"Sebekoro",NA,"","Arrondissement","Arrondissement","",""
54,138,"MLI","Mali",3,"Kayes",10,"Kita",54,"Sefeto",NA,"","Arrondissement","Arrondissement","",""
55,138,"MLI","Mali",3,"Kayes",10,"Kita",55,"Sirakoro",NA,"","Arrondissement","Arrondissement","",""
56,138,"MLI","Mali",3,"Kayes",10,"Kita",56,"Toukoto",NA,"","Arrondissement","Arrondissement","",""
57,138,"MLI","Mali",3,"Kayes",11,"Nioro",57,"Gavinane",NA,"","Arrondissement","Arrondissement","",""
58,138,"MLI","Mali",3,"Kayes",11,"Nioro",58,"Gogui",NA,"","Arrondissement","Arrondissement","",""
59,138,"MLI","Mali",3,"Kayes",11,"Nioro",59,"Korera-Kore",NA,"","Arrondissement","Arrondissement","",""
60,138,"MLI","Mali",3,"Kayes",11,"Nioro",60,"Nioro",NA,"","Arrondissement","Arrondissement","",""
61,138,"MLI","Mali",3,"Kayes",11,"Nioro",61,"Sandare",NA,"","Arrondissement","Arrondissement","",""
62,138,"MLI","Mali",3,"Kayes",11,"Nioro",62,"Simbi",NA,"","Arrondissement","Arrondissement","",""
63,138,"MLI","Mali",3,"Kayes",11,"Nioro",63,"Trongoumbe",NA,"","Arrondissement","Arrondissement","",""
64,138,"MLI","Mali",3,"Kayes",12,"Yélimané",64,"Kirane",NA,"","Arrondissement","Arrondissement","",""
65,138,"MLI","Mali",3,"Kayes",12,"Yélimané",65,"Marena",NA,"","Arrondissement","Arrondissement","",""
66,138,"MLI","Mali",3,"Kayes",12,"Yélimané",66,"Tambacara",NA,"","Arrondissement","Arrondissement","",""
67,138,"MLI","Mali",3,"Kayes",12,"Yélimané",67,"Yelimane-Central",NA,"","Arrondissement","Arrondissement","",""
68,138,"MLI","Mali",4,"Kidal",13,"Abeïbara",68,"Abeibara",NA,"","Arrondissement","Arrondissement","",""
69,138,"MLI","Mali",4,"Kidal",13,"Abeïbara",69,"Bouressa",NA,"","Arrondissement","Arrondissement","",""
70,138,"MLI","Mali",4,"Kidal",13,"Abeïbara",70,"Tinzawatene",NA,"","Arrondissement","Arrondissement","","Tinzaouatene"
71,138,"MLI","Mali",4,"Kidal",14,"Kidal",71,"Anefif",NA,"","Arrondissement","Arrondissement","","Annefis"
72,138,"MLI","Mali",4,"Kidal",14,"Kidal",72,"Essouk",NA,"","Arrondissement","Arrondissement","",""
73,138,"MLI","Mali",4,"Kidal",14,"Kidal",73,"Kidal",NA,"","Arrondissement","Arrondissement","",""
74,138,"MLI","Mali",4,"Kidal",15,"Tessalit",74,"Adjelhoc",NA,"","Arrondissement","Arrondissement","","Aguelhoc"
75,138,"MLI","Mali",4,"Kidal",15,"Tessalit",75,"Tessalit",NA,"","Arrondissement","Arrondissement","",""
76,138,"MLI","Mali",4,"Kidal",15,"Tessalit",76,"Timtaghene",NA,"","Arrondissement","Arrondissement","",""
77,138,"MLI","Mali",4,"Kidal",16,"Tin-Essako",77,"Abiyou",NA,"","Arrondissement","Arrondissement","",""
78,138,"MLI","Mali",4,"Kidal",16,"Tin-Essako",78,"Tinessako",NA,"","Arrondissement","Arrondissement","",""
79,138,"MLI","Mali",4,"Kidal",16,"Tin-Essako",79,"Tinesserine",NA,"","Arrondissement","Arrondissement","",""
80,138,"MLI","Mali",5,"Koulikoro",17,"Banamba",80,"Banamba-Central",NA,"","Arrondissement","Arrondissement","",""
81,138,"MLI","Mali",5,"Koulikoro",17,"Banamba",81,"Boron",NA,"","Arrondissement","Arrondissement","",""
82,138,"MLI","Mali",5,"Koulikoro",17,"Banamba",82,"Madina-Sako",NA,"","Arrondissement","Arrondissement","",""
83,138,"MLI","Mali",5,"Koulikoro",17,"Banamba",83,"Sebete",NA,"","Arrondissement","Arrondissement","",""
84,138,"MLI","Mali",5,"Koulikoro",17,"Banamba",84,"Toubakoura",NA,"","Arrondissement","Arrondissement","",""
85,138,"MLI","Mali",5,"Koulikoro",17,"Banamba",85,"Toukouroba",NA,"","Arrondissement","Arrondissement","",""
86,138,"MLI","Mali",5,"Koulikoro",18,"Dioïla",86,"Banco",NA,"","Arrondissement","Arrondissement","",""
87,138,"MLI","Mali",5,"Koulikoro",18,"Dioïla",87,"Beleko",NA,"","Arrondissement","Arrondissement","",""
88,138,"MLI","Mali",5,"Koulikoro",18,"Dioïla",88,"Dioïla",NA,"","Arrondissement","Arrondissement","","Doila-Central"
89,138,"MLI","Mali",5,"Koulikoro",18,"Dioïla",89,"Fana",NA,"","Arrondissement","Arrondissement","",""
90,138,"MLI","Mali",5,"Koulikoro",18,"Dioïla",90,"Massigui",NA,"","Arrondissement","Arrondissement","",""
91,138,"MLI","Mali",5,"Koulikoro",18,"Dioïla",91,"Mena",NA,"","Arrondissement","Arrondissement","",""
92,138,"MLI","Mali",5,"Koulikoro",19,"Kangaba",92,"Kangaba",NA,"","Arrondissement","Arrondissement","","Kangaba-Central"
93,138,"MLI","Mali",5,"Koulikoro",19,"Kangaba",93,"Narena",NA,"","Arrondissement","Arrondissement","",""
94,138,"MLI","Mali",5,"Koulikoro",20,"Kati",94,"Baguineda",NA,"","Arrondissement","Arrondissement","",""
95,138,"MLI","Mali",5,"Koulikoro",20,"Kati",95,"Kalban-Coro",NA,"","Arrondissement","Arrondissement","",""
96,138,"MLI","Mali",5,"Koulikoro",20,"Kati",96,"Kati",NA,"","Arrondissement","Arrondissement","","Kati-Central"
97,138,"MLI","Mali",5,"Koulikoro",20,"Kati",97,"Kourouba",NA,"","Arrondissement","Arrondissement","",""
98,138,"MLI","Mali",5,"Koulikoro",20,"Kati",98,"Neguela",NA,"","Arrondissement","Arrondissement","",""
99,138,"MLI","Mali",5,"Koulikoro",20,"Kati",99,"Ouelessebougou",NA,"","Arrondissement","Arrondissement","",""
100,138,"MLI","Mali",5,"Koulikoro",20,"Kati",100,"Sanakoroba",NA,"","Arrondissement","Arrondissement","",""
101,138,"MLI","Mali",5,"Koulikoro",20,"Kati",101,"Siby",NA,"","Arrondissement","Arrondissement","",""
102,138,"MLI","Mali",5,"Koulikoro",21,"Kolokani",102,"Djidieni",NA,"","Arrondissement","Arrondissement","",""
103,138,"MLI","Mali",5,"Koulikoro",21,"Kolokani",103,"Kolokani",NA,"","Arrondissement","Arrondissement","","Kolokani-Central"
104,138,"MLI","Mali",5,"Koulikoro",21,"Kolokani",104,"Massantola",NA,"","Arrondissement","Arrondissement","",""
105,138,"MLI","Mali",5,"Koulikoro",21,"Kolokani",105,"Nonssonbougou",NA,"","Arrondissement","Arrondissement","",""
106,138,"MLI","Mali",5,"Koulikoro",22,"Koulikoro",106,"Kenekou",NA,"","Arrondissement","Arrondissement","",""
107,138,"MLI","Mali",5,"Koulikoro",22,"Koulikoro",107,"Koula (Koul)",NA,"","Arrondissement","Arrondissement","",""
108,138,"MLI","Mali",5,"Koulikoro",22,"Koulikoro",108,"Koulakoulikoro",NA,"","Arrondissement","Arrondissement","",""
109,138,"MLI","Mali",5,"Koulikoro",22,"Koulikoro",109,"Niamina",NA,"","Arrondissement","Arrondissement","",""
110,138,"MLI","Mali",5,"Koulikoro",22,"Koulikoro",110,"Sirakorola",NA,"","Arrondissement","Arrondissement","",""
111,138,"MLI","Mali",5,"Koulikoro",22,"Koulikoro",111,"Tienfala",NA,"","Arrondissement","Arrondissement","",""
112,138,"MLI","Mali",5,"Koulikoro",22,"Koulikoro",112,"Tougouni",NA,"","Arrondissement","Arrondissement","",""
113,138,"MLI","Mali",5,"Koulikoro",23,"Nara",113,"Balle",NA,"","Arrondissement","Arrondissement","",""
114,138,"MLI","Mali",5,"Koulikoro",23,"Nara",114,"Dilly",NA,"","Arrondissement","Arrondissement","",""
115,138,"MLI","Mali",5,"Koulikoro",23,"Nara",115,"Falou",NA,"","Arrondissement","Arrondissement","",""
116,138,"MLI","Mali",5,"Koulikoro",23,"Nara",116,"Guire",NA,"","Arrondissement","Arrondissement","",""
117,138,"MLI","Mali",5,"Koulikoro",23,"Nara",117,"Mourdiah",NA,"","Arrondissement","Arrondissement","",""
118,138,"MLI","Mali",5,"Koulikoro",23,"Nara",118,"Nara",NA,"","Arrondissement","Arrondissement","","Nara-Central"
119,138,"MLI","Mali",6,"Mopti",24,"Bandiagara",119,"Bandiagara",NA,"","Arrondissement","Arrondissement","","Bandiagara-Central"
120,138,"MLI","Mali",6,"Mopti",24,"Bandiagara",120,"Dourou",NA,"","Arrondissement","Arrondissement","",""
121,138,"MLI","Mali",6,"Mopti",24,"Bandiagara",121,"Goundaka",NA,"","Arrondissement","Arrondissement","",""
122,138,"MLI","Mali",6,"Mopti",24,"Bandiagara",122,"Kani-Gogouna",NA,"","Arrondissement","Arrondissement","",""
123,138,"MLI","Mali",6,"Mopti",24,"Bandiagara",123,"Kendie",NA,"","Arrondissement","Arrondissement","",""
124,138,"MLI","Mali",6,"Mopti",24,"Bandiagara",124,"Ningari",NA,"","Arrondissement","Arrondissement","",""
125,138,"MLI","Mali",6,"Mopti",24,"Bandiagara",125,"Ouo",NA,"","Arrondissement","Arrondissement","",""
126,138,"MLI","Mali",6,"Mopti",24,"Bandiagara",126,"Sangha",NA,"","Arrondissement","Arrondissement","",""
127,138,"MLI","Mali",6,"Mopti",25,"Bankass",127,"Bankass",NA,"","Arrondissement","Arrondissement","","Bankass-Central"
128,138,"MLI","Mali",6,"Mopti",25,"Bankass",128,"Baye",NA,"","Arrondissement","Arrondissement","",""
129,138,"MLI","Mali",6,"Mopti",25,"Bankass",129,"Diallassagou",NA,"","Arrondissement","Arrondissement","",""
130,138,"MLI","Mali",6,"Mopti",25,"Bankass",130,"Kani-Bonzon",NA,"","Arrondissement","Arrondissement","",""
131,138,"MLI","Mali",6,"Mopti",25,"Bankass",131,"Ouenkoro",NA,"","Arrondissement","Arrondissement","",""
132,138,"MLI","Mali",6,"Mopti",25,"Bankass",132,"Segue",NA,"","Arrondissement","Arrondissement","",""
133,138,"MLI","Mali",6,"Mopti",25,"Bankass",133,"Sokoura",NA,"","Arrondissement","Arrondissement","",""
134,138,"MLI","Mali",6,"Mopti",26,"Djenné",134,"Djenné",NA,"","Arrondissement","Arrondissement","","Djenne-Central"
135,138,"MLI","Mali",6,"Mopti",26,"Djenné",135,"Konio",NA,"","Arrondissement","Arrondissement","",""
136,138,"MLI","Mali",6,"Mopti",26,"Djenné",136,"Kouakourou",NA,"","Arrondissement","Arrondissement","",""
137,138,"MLI","Mali",6,"Mopti",26,"Djenné",137,"Mougna",NA,"","Arrondissement","Arrondissement","",""
138,138,"MLI","Mali",6,"Mopti",26,"Djenné",138,"Sofara",NA,"","Arrondissement","Arrondissement","",""
139,138,"MLI","Mali",6,"Mopti",26,"Djenné",139,"Taga",NA,"","Arrondissement","Arrondissement","",""
140,138,"MLI","Mali",6,"Mopti",27,"Douentza",140,"Boni",NA,"","Arrondissement","Arrondissement","",""
141,138,"MLI","Mali",6,"Mopti",27,"Douentza",141,"Bore",NA,"","Arrondissement","Arrondissement","",""
142,138,"MLI","Mali",6,"Mopti",27,"Douentza",142,"Douentza",NA,"","Arrondissement","Arrondissement","","Douentzan-Central"
143,138,"MLI","Mali",6,"Mopti",27,"Douentza",143,"Hombori",NA,"","Arrondissement","Arrondissement","",""
144,138,"MLI","Mali",6,"Mopti",27,"Douentza",144,"Mondoro",NA,"","Arrondissement","Arrondissement","",""
145,138,"MLI","Mali",6,"Mopti",27,"Douentza",145,"NGouma",NA,"","Arrondissement","Arrondissement","",""
146,138,"MLI","Mali",6,"Mopti",28,"Koro",146,"Diankabou",NA,"","Arrondissement","Arrondissement","",""
147,138,"MLI","Mali",6,"Mopti",28,"Koro",147,"Dinangourou",NA,"","Arrondissement","Arrondissement","",""
148,138,"MLI","Mali",6,"Mopti",28,"Koro",148,"Dioungani",NA,"","Arrondissement","Arrondissement","",""
149,138,"MLI","Mali",6,"Mopti",28,"Koro",149,"Koporokeniena",NA,"","Arrondissement","Arrondissement","",""
150,138,"MLI","Mali",6,"Mopti",28,"Koro",150,"Koro-Central",NA,"","Arrondissement","Arrondissement","",""
151,138,"MLI","Mali",6,"Mopti",28,"Koro",151,"Madougou",NA,"","Arrondissement","Arrondissement","",""
152,138,"MLI","Mali",6,"Mopti",28,"Koro",152,"Toroli",NA,"","Arrondissement","Arrondissement","",""
153,138,"MLI","Mali",6,"Mopti",29,"Mopti",153,"Dialloube",NA,"","Arrondissement","Arrondissement","",""
154,138,"MLI","Mali",6,"Mopti",29,"Mopti",154,"Fatoma",NA,"","Arrondissement","Arrondissement","",""
155,138,"MLI","Mali",6,"Mopti",29,"Mopti",155,"Konna",NA,"","Arrondissement","Arrondissement","",""
156,138,"MLI","Mali",6,"Mopti",29,"Mopti",156,"Korientze",NA,"","Arrondissement","Arrondissement","",""
157,138,"MLI","Mali",6,"Mopti",29,"Mopti",157,"Mopti",NA,"","Arrondissement","Arrondissement","","Mopti-Central"
158,138,"MLI","Mali",6,"Mopti",29,"Mopti",158,"Ouromodi",NA,"","Arrondissement","Arrondissement","",""
159,138,"MLI","Mali",6,"Mopti",29,"Mopti",159,"Sendegue",NA,"","Arrondissement","Arrondissement","",""
160,138,"MLI","Mali",6,"Mopti",29,"Mopti",160,"Soufouroulaye",NA,"","Arrondissement","Arrondissement","",""
161,138,"MLI","Mali",6,"Mopti",29,"Mopti",161,"Soye",NA,"","Arrondissement","Arrondissement","",""
162,138,"MLI","Mali",6,"Mopti",30,"Ténenkou",162,"Diafarabe",NA,"","Arrondissement","Arrondissement","",""
163,138,"MLI","Mali",6,"Mopti",30,"Ténenkou",163,"Diondori",NA,"","Arrondissement","Arrondissement","",""
164,138,"MLI","Mali",6,"Mopti",30,"Ténenkou",164,"Dioura",NA,"","Arrondissement","Arrondissement","",""
165,138,"MLI","Mali",6,"Mopti",30,"Ténenkou",165,"Sossobe",NA,"","Arrondissement","Arrondissement","",""
166,138,"MLI","Mali",6,"Mopti",30,"Ténenkou",166,"Ténenkou",NA,"","Arrondissement","Arrondissement","","Tenenkou-Central"
167,138,"MLI","Mali",6,"Mopti",30,"Ténenkou",167,"Toguerecoumbe",NA,"","Arrondissement","Arrondissement","",""
168,138,"MLI","Mali",6,"Mopti",31,"Youwarou",168,"Ambiri",NA,"","Arrondissement","Arrondissement","",""
169,138,"MLI","Mali",6,"Mopti",31,"Youwarou",169,"Dogo",NA,"","Arrondissement","Arrondissement","",""
170,138,"MLI","Mali",6,"Mopti",31,"Youwarou",170,"Gathi-Loumo",NA,"","Arrondissement","Arrondissement","",""
171,138,"MLI","Mali",6,"Mopti",31,"Youwarou",171,"Guidiosarre",NA,"","Arrondissement","Arrondissement","","Guidio"
172,138,"MLI","Mali",6,"Mopti",31,"Youwarou",172,"Sah",NA,"","Arrondissement","Arrondissement","",""
173,138,"MLI","Mali",6,"Mopti",31,"Youwarou",173,"Youvarou",NA,"","Arrondissement","Arrondissement","","Youwarou-Central"
174,138,"MLI","Mali",7,"Ségou",32,"Barouéli",174,"Barouéli",NA,"","Arrondissement","Arrondissement","","Baroueli-Central"
175,138,"MLI","Mali",7,"Ségou",32,"Barouéli",175,"Konobougou",NA,"","Arrondissement","Arrondissement","",""
176,138,"MLI","Mali",7,"Ségou",32,"Barouéli",176,"Sanando",NA,"","Arrondissement","Arrondissement","",""
177,138,"MLI","Mali",7,"Ségou",32,"Barouéli",177,"Tamani",NA,"","Arrondissement","Arrondissement","",""
178,138,"MLI","Mali",7,"Ségou",33,"Bla",178,"Bla",NA,"","Arrondissement","Arrondissement","","Bla-Central"
179,138,"MLI","Mali",7,"Ségou",33,"Bla",179,"Diaramana",NA,"","Arrondissement","Arrondissement","",""
180,138,"MLI","Mali",7,"Ségou",33,"Bla",180,"Falo",NA,"","Arrondissement","Arrondissement","",""
181,138,"MLI","Mali",7,"Ségou",33,"Bla",181,"Touna",NA,"","Arrondissement","Arrondissement","",""
182,138,"MLI","Mali",7,"Ségou",33,"Bla",182,"Yangasso",NA,"","Arrondissement","Arrondissement","",""
183,138,"MLI","Mali",7,"Ségou",34,"Macina",183,"Kolongotomo",NA,"","Arrondissement","Arrondissement","","Kolongo"
184,138,"MLI","Mali",7,"Ségou",34,"Macina",184,"Macina",NA,"","Arrondissement","Arrondissement","","Macina-Central"
185,138,"MLI","Mali",7,"Ségou",34,"Macina",185,"Monimpe",NA,"","Arrondissement","Arrondissement","",""
186,138,"MLI","Mali",7,"Ségou",34,"Macina",186,"Sarro",NA,"","Arrondissement","Arrondissement","",""
187,138,"MLI","Mali",7,"Ségou",34,"Macina",187,"Saye",NA,"","Arrondissement","Arrondissement","",""
188,138,"MLI","Mali",7,"Ségou",35,"Niono",188,"Nampala",NA,"","Arrondissement","Arrondissement","",""
189,138,"MLI","Mali",7,"Ségou",35,"Niono",189,"Niono",NA,"","Arrondissement","Arrondissement","","Niono-Central"
190,138,"MLI","Mali",7,"Ségou",35,"Niono",190,"Pogo",NA,"","Arrondissement","Arrondissement","",""
191,138,"MLI","Mali",7,"Ségou",35,"Niono",191,"Sokolo",NA,"","Arrondissement","Arrondissement","",""
192,138,"MLI","Mali",7,"Ségou",36,"Ségou",192,"Cinzana",NA,"","Arrondissement","Arrondissement","",""
193,138,"MLI","Mali",7,"Ségou",36,"Ségou",193,"Dioro",NA,"","Arrondissement","Arrondissement","",""
194,138,"MLI","Mali",7,"Ségou",36,"Ségou",194,"Doura",NA,"","Arrondissement","Arrondissement","",""
195,138,"MLI","Mali",7,"Ségou",36,"Ségou",195,"Farako",NA,"","Arrondissement","Arrondissement","",""
196,138,"MLI","Mali",7,"Ségou",36,"Ségou",196,"Katiena",NA,"","Arrondissement","Arrondissement","",""
197,138,"MLI","Mali",7,"Ségou",36,"Ségou",197,"Markala",NA,"","Arrondissement","Arrondissement","",""
198,138,"MLI","Mali",7,"Ségou",36,"Ségou",198,"Ségou",NA,"","Arrondissement","Arrondissement","","Segou-Central"
199,138,"MLI","Mali",7,"Ségou",36,"Ségou",199,"Sansading",NA,"","Arrondissement","Arrondissement","",""
200,138,"MLI","Mali",7,"Ségou",37,"San",200,"Dieli",NA,"","Arrondissement","Arrondissement","",""
201,138,"MLI","Mali",7,"Ségou",37,"San",201,"Kassorola",NA,"","Arrondissement","Arrondissement","",""
202,138,"MLI","Mali",7,"Ségou",37,"San",202,"Kimparana",NA,"","Arrondissement","Arrondissement","",""
203,138,"MLI","Mali",7,"Ségou",37,"San",203,"San",NA,"","Arrondissement","Arrondissement","","San-Central"
204,138,"MLI","Mali",7,"Ségou",37,"San",204,"Sourountouna",NA,"","Arrondissement","Arrondissement","",""
205,138,"MLI","Mali",7,"Ségou",37,"San",205,"Sy",NA,"","Arrondissement","Arrondissement","",""
206,138,"MLI","Mali",7,"Ségou",37,"San",206,"Tene",NA,"","Arrondissement","Arrondissement","",""
207,138,"MLI","Mali",7,"Ségou",38,"Tominian",207,"Fangasso",NA,"","Arrondissement","Arrondissement","",""
208,138,"MLI","Mali",7,"Ségou",38,"Tominian",208,"Koula",NA,"","Arrondissement","Arrondissement","",""
209,138,"MLI","Mali",7,"Ségou",38,"Tominian",209,"Mafoune",NA,"","Arrondissement","Arrondissement","",""
210,138,"MLI","Mali",7,"Ségou",38,"Tominian",210,"Mandiakuy",NA,"","Arrondissement","Arrondissement","",""
211,138,"MLI","Mali",7,"Ségou",38,"Tominian",211,"Timissa",NA,"","Arrondissement","Arrondissement","",""
212,138,"MLI","Mali",7,"Ségou",38,"Tominian",212,"Tominiam",NA,"","Arrondissement","Arrondissement","","Tominiam-Central"
213,138,"MLI","Mali",8,"Sikasso",39,"Bougouni",213,"Bougouni",NA,"","Arrondissement","Arrondissement","","Bougouni-Central"
214,138,"MLI","Mali",8,"Sikasso",39,"Bougouni",214,"Dogosikasso",NA,"","Arrondissement","Arrondissement","","Dogo (Boug)"
215,138,"MLI","Mali",8,"Sikasso",39,"Bougouni",215,"Faragouaran",NA,"","Arrondissement","Arrondissement","",""
216,138,"MLI","Mali",8,"Sikasso",39,"Bougouni",216,"Garalo",NA,"","Arrondissement","Arrondissement","",""
217,138,"MLI","Mali",8,"Sikasso",39,"Bougouni",217,"Keleya",NA,"","Arrondissement","Arrondissement","",""
218,138,"MLI","Mali",8,"Sikasso",39,"Bougouni",218,"Koumantou",NA,"","Arrondissement","Arrondissement","",""
219,138,"MLI","Mali",8,"Sikasso",39,"Bougouni",219,"Manakoro",NA,"","Arrondissement","Arrondissement","",""
220,138,"MLI","Mali",8,"Sikasso",39,"Bougouni",220,"Sanso",NA,"","Arrondissement","Arrondissement","",""
221,138,"MLI","Mali",8,"Sikasso",39,"Bougouni",221,"Zantiebougou",NA,"","Arrondissement","Arrondissement","",""
222,138,"MLI","Mali",8,"Sikasso",40,"Kadiolo",222,"Fourou",NA,"","Arrondissement","Arrondissement","",""
223,138,"MLI","Mali",8,"Sikasso",40,"Kadiolo",223,"Kadiolo",NA,"","Arrondissement","Arrondissement","","Kadiolo-Central"
224,138,"MLI","Mali",8,"Sikasso",40,"Kadiolo",224,"Loulouni",NA,"","Arrondissement","Arrondissement","",""
225,138,"MLI","Mali",8,"Sikasso",40,"Kadiolo",225,"Misseni",NA,"","Arrondissement","Arrondissement","",""
226,138,"MLI","Mali",8,"Sikasso",41,"Kolondiéba",226,"Fakola",NA,"","Arrondissement","Arrondissement","",""
227,138,"MLI","Mali",8,"Sikasso",41,"Kolondiéba",227,"Kadiana",NA,"","Arrondissement","Arrondissement","",""
228,138,"MLI","Mali",8,"Sikasso",41,"Kolondiéba",228,"Kebila",NA,"","Arrondissement","Arrondissement","",""
229,138,"MLI","Mali",8,"Sikasso",41,"Kolondiéba",229,"Kolondiéba",NA,"","Arrondissement","Arrondissement","","Kolondieba-Central"
230,138,"MLI","Mali",8,"Sikasso",41,"Kolondiéba",230,"Toussekela",NA,"","Arrondissement","Arrondissement","",""
231,138,"MLI","Mali",8,"Sikasso",42,"Koutiala",231,"Konseguela",NA,"","Arrondissement","Arrondissement","",""
232,138,"MLI","Mali",8,"Sikasso",42,"Koutiala",232,"Kouniana",NA,"","Arrondissement","Arrondissement","",""
233,138,"MLI","Mali",8,"Sikasso",42,"Koutiala",233,"Koutiala",NA,"","Arrondissement","Arrondissement","","Koutiala-Central"
234,138,"MLI","Mali",8,"Sikasso",42,"Koutiala",234,"Molobala",NA,"","Arrondissement","Arrondissement","",""
235,138,"MLI","Mali",8,"Sikasso",42,"Koutiala",235,"MPessoba",NA,"","Arrondissement","Arrondissement","",""
236,138,"MLI","Mali",8,"Sikasso",42,"Koutiala",236,"Zangasso",NA,"","Arrondissement","Arrondissement","",""
237,138,"MLI","Mali",8,"Sikasso",43,"Sikasso",237,"Blendio",NA,"","Arrondissement","Arrondissement","",""
238,138,"MLI","Mali",8,"Sikasso",43,"Sikasso",238,"Danderesso",NA,"","Arrondissement","Arrondissement","",""
239,138,"MLI","Mali",8,"Sikasso",43,"Sikasso",239,"Dogori",NA,"","Arrondissement","Arrondissement","",""
240,138,"MLI","Mali",8,"Sikasso",43,"Sikasso",240,"Finkolo",NA,"","Arrondissement","Arrondissement","",""
241,138,"MLI","Mali",8,"Sikasso",43,"Sikasso",241,"Kignan",NA,"","Arrondissement","Arrondissement","",""
242,138,"MLI","Mali",8,"Sikasso",43,"Sikasso",242,"Klela",NA,"","Arrondissement","Arrondissement","",""
243,138,"MLI","Mali",8,"Sikasso",43,"Sikasso",243,"Lobougoula",NA,"","Arrondissement","Arrondissement","",""
244,138,"MLI","Mali",8,"Sikasso",43,"Sikasso",244,"Niena",NA,"","Arrondissement","Arrondissement","",""
245,138,"MLI","Mali",8,"Sikasso",43,"Sikasso",245,"Nkourala",NA,"","Arrondissement","Arrondissement","",""
246,138,"MLI","Mali",8,"Sikasso",43,"Sikasso",246,"Sikasso",NA,"","Arrondissement","Arrondissement","","Sikasso-Central"
247,138,"MLI","Mali",8,"Sikasso",44,"Yanfolila",247,"Doussodiana",NA,"","Arrondissement","Arrondissement","",""
248,138,"MLI","Mali",8,"Sikasso",44,"Yanfolila",248,"Filamana",NA,"","Arrondissement","Arrondissement","",""
249,138,"MLI","Mali",8,"Sikasso",44,"Yanfolila",249,"Gueleninkoro",NA,"","Arrondissement","Arrondissement","",""
250,138,"MLI","Mali",8,"Sikasso",44,"Yanfolila",250,"Kalana",NA,"","Arrondissement","Arrondissement","",""
251,138,"MLI","Mali",8,"Sikasso",44,"Yanfolila",251,"Kangare",NA,"","Arrondissement","Arrondissement","",""
252,138,"MLI","Mali",8,"Sikasso",44,"Yanfolila",252,"Siekorole",NA,"","Arrondissement","Arrondissement","",""
253,138,"MLI","Mali",8,"Sikasso",44,"Yanfolila",253,"Yanfolila",NA,"","Arrondissement","Arrondissement","","Yanfolila-Central"
254,138,"MLI","Mali",8,"Sikasso",44,"Yanfolila",254,"Yorobougoula",NA,"","Arrondissement","Arrondissement","",""
255,138,"MLI","Mali",8,"Sikasso",45,"Yorosso",255,"Boura",NA,"","Arrondissement","Arrondissement","",""
256,138,"MLI","Mali",8,"Sikasso",45,"Yorosso",256,"Kouri",NA,"","Arrondissement","Arrondissement","",""
257,138,"MLI","Mali",8,"Sikasso",45,"Yorosso",257,"Mahou",NA,"","Arrondissement","Arrondissement","",""
258,138,"MLI","Mali",8,"Sikasso",45,"Yorosso",258,"Yorosso",NA,"","Arrondissement","Arrondissement","","Yorosso-Central"
259,138,"MLI","Mali",9,"Timbuktu",46,"Diré",259,"Danga",NA,"","Arrondissement","Arrondissement","",""
260,138,"MLI","Mali",9,"Timbuktu",46,"Diré",260,"Diré",NA,"","Arrondissement","Arrondissement","","Dire-Central"
261,138,"MLI","Mali",9,"Timbuktu",46,"Diré",261,"Haibongo",NA,"","Arrondissement","Arrondissement","",""
262,138,"MLI","Mali",9,"Timbuktu",46,"Diré",262,"Sareyamou",NA,"","Arrondissement","Arrondissement","",""
263,138,"MLI","Mali",9,"Timbuktu",47,"Goundam",263,"Bintagoungou",NA,"","Arrondissement","Arrondissement","",""
264,138,"MLI","Mali",9,"Timbuktu",47,"Goundam",264,"Douekire",NA,"","Arrondissement","Arrondissement","",""
265,138,"MLI","Mali",9,"Timbuktu",47,"Goundam",265,"Farach",NA,"","Arrondissement","Arrondissement","","Farach (Faguibine)"
266,138,"MLI","Mali",9,"Timbuktu",47,"Goundam",266,"Gargando",NA,"","Arrondissement","Arrondissement","",""
267,138,"MLI","Mali",9,"Timbuktu",47,"Goundam",267,"Goundam",NA,"","Arrondissement","Arrondissement","","Goundam-Central"
268,138,"MLI","Mali",9,"Timbuktu",47,"Goundam",268,"Raz-El-Ma",NA,"","Arrondissement","Arrondissement","",""
269,138,"MLI","Mali",9,"Timbuktu",47,"Goundam",269,"Tilemsi (Lenere)",NA,"","Arrondissement","Arrondissement","","Tilemsi (El Haria)"
270,138,"MLI","Mali",9,"Timbuktu",47,"Goundam",270,"Tonka",NA,"","Arrondissement","Arrondissement","",""
271,138,"MLI","Mali",9,"Timbuktu",48,"Gourma-Rharous",271,"Bambara-Maoude",NA,"","Arrondissement","Arrondissement","",""
272,138,"MLI","Mali",9,"Timbuktu",48,"Gourma-Rharous",272,"Gossi",NA,"","Arrondissement","Arrondissement","",""
273,138,"MLI","Mali",9,"Timbuktu",48,"Gourma-Rharous",273,"Gourma-Rharous",NA,"","Arrondissement","Arrondissement","",""
274,138,"MLI","Mali",9,"Timbuktu",48,"Gourma-Rharous",274,"Haribomo",NA,"","Arrondissement","Arrondissement","",""
275,138,"MLI","Mali",9,"Timbuktu",48,"Gourma-Rharous",275,"Inadiatafane",NA,"","Arrondissement","Arrondissement","",""
276,138,"MLI","Mali",9,"Timbuktu",48,"Gourma-Rharous",276,"Modiakoye",NA,"","Arrondissement","Arrondissement","",""
277,138,"MLI","Mali",9,"Timbuktu",48,"Gourma-Rharous",277,"Ouinerden",NA,"","Arrondissement","Arrondissement","",""
278,138,"MLI","Mali",9,"Timbuktu",49,"Niafunké",278,"Banikane",NA,"","Arrondissement","Arrondissement","",""
279,138,"MLI","Mali",9,"Timbuktu",49,"Niafunké",279,"Koumaira",NA,"","Arrondissement","Arrondissement","",""
280,138,"MLI","Mali",9,"Timbuktu",49,"Niafunké",280,"Lere",NA,"","Arrondissement","Arrondissement","",""
281,138,"MLI","Mali",9,"Timbuktu",49,"Niafunké",281,"NGorkou",NA,"","Arrondissement","Arrondissement","",""
282,138,"MLI","Mali",9,"Timbuktu",49,"Niafunké",282,"Niafunké",NA,"","Arrondissement","Arrondissement","","Nianfuke-Central"
283,138,"MLI","Mali",9,"Timbuktu",49,"Niafunké",283,"Sarafere",NA,"","Arrondissement","Arrondissement","",""
284,138,"MLI","Mali",9,"Timbuktu",49,"Niafunké",284,"Soumpi",NA,"","Arrondissement","Arrondissement","",""
285,138,"MLI","Mali",9,"Timbuktu",50,"Tombouctou",285,"Aglal",NA,"","Arrondissement","Arrondissement","",""
286,138,"MLI","Mali",9,"Timbuktu",50,"Tombouctou",286,"Ber",NA,"","Arrondissement","Arrondissement","",""
287,138,"MLI","Mali",9,"Timbuktu",50,"Tombouctou",287,"Bourem-Inaly",NA,"","Arrondissement","Arrondissement","",""
288,138,"MLI","Mali",9,"Timbuktu",50,"Tombouctou",288,"Tinaguelhaj",NA,"","Arrondissement","Arrondissement","",""
289,138,"MLI","Mali",9,"Timbuktu",50,"Tombouctou",289,"Tombouctou",NA,"","Arrondissement","Arrondissement","","Tombouctou-Central"
